artifact	sha256
io/github/zorka42/verifactu-aeat/0.1.0-rc.1/verifactu-aeat-0.1.0-rc.1-javadoc.jar	6451325028043d83f645662735cf40a7c5e9850b7ef4937b1576b94c2de4c778
io/github/zorka42/verifactu-aeat/0.1.0-rc.1/verifactu-aeat-0.1.0-rc.1-sources.jar	58b059c0a09795ac05bb50c93e0e6f27329a59b2ed084c7c2f5280dc1a262ec3
io/github/zorka42/verifactu-aeat/0.1.0-rc.1/verifactu-aeat-0.1.0-rc.1.jar	2800cf8bbc2238b388b645c6a6a5a8cfcbed1fda645d428cfc3c43bf079f2a21
io/github/zorka42/verifactu-aeat/0.1.0-rc.1/verifactu-aeat-0.1.0-rc.1.module	fbd17ac1d380a1ae10f62187647ea44c45ae7767c19dc320d33edd5857230513
io/github/zorka42/verifactu-aeat/0.1.0-rc.1/verifactu-aeat-0.1.0-rc.1.pom	2c9bd439967268076bf4002c9ee133f8bcfd8980eecbbd33c116552dc4bed045
io/github/zorka42/verifactu-aeat-android/0.1.0-rc.1/verifactu-aeat-android-0.1.0-rc.1-javadoc.jar	6451325028043d83f645662735cf40a7c5e9850b7ef4937b1576b94c2de4c778
io/github/zorka42/verifactu-aeat-android/0.1.0-rc.1/verifactu-aeat-android-0.1.0-rc.1-sources.jar	72e804210332e896d3f5400d54eabc5f9bf07e69f0c1fa26c5009a7851a8a409
io/github/zorka42/verifactu-aeat-android/0.1.0-rc.1/verifactu-aeat-android-0.1.0-rc.1.aar	563aedee1c4a5250f30cf8e322f4fdf1265d1b5a9b471045d584c230493d3c0c
io/github/zorka42/verifactu-aeat-android/0.1.0-rc.1/verifactu-aeat-android-0.1.0-rc.1.module	b3e09b644aa5802b2656781ad5ff795678449d860c79180cbc326a08dbaae9a9
io/github/zorka42/verifactu-aeat-android/0.1.0-rc.1/verifactu-aeat-android-0.1.0-rc.1.pom	c84d4566c81ad5fc3b7a195cbf2bd7c178debdf55cd8602878dc98c86446a73c
io/github/zorka42/verifactu-aeat-iosarm64/0.1.0-rc.1/verifactu-aeat-iosarm64-0.1.0-rc.1-javadoc.jar	6451325028043d83f645662735cf40a7c5e9850b7ef4937b1576b94c2de4c778
io/github/zorka42/verifactu-aeat-iosarm64/0.1.0-rc.1/verifactu-aeat-iosarm64-0.1.0-rc.1-metadata.jar	cccb137aaac00995315e15e36636c5e435b49ce4f55f19b1de1616bf1875af81
io/github/zorka42/verifactu-aeat-iosarm64/0.1.0-rc.1/verifactu-aeat-iosarm64-0.1.0-rc.1-sources.jar	58b059c0a09795ac05bb50c93e0e6f27329a59b2ed084c7c2f5280dc1a262ec3
io/github/zorka42/verifactu-aeat-iosarm64/0.1.0-rc.1/verifactu-aeat-iosarm64-0.1.0-rc.1.klib	fd064ea59fdb2c0aeb8d7cbf6eb9dc84e9c30410f1580eb090f53105fc356516
io/github/zorka42/verifactu-aeat-iosarm64/0.1.0-rc.1/verifactu-aeat-iosarm64-0.1.0-rc.1.module	10ad832938e36baaba2401672816c01bab90cac66581d47e74d7a4ebd29ae8d6
io/github/zorka42/verifactu-aeat-iosarm64/0.1.0-rc.1/verifactu-aeat-iosarm64-0.1.0-rc.1.pom	48703b5c82f3adc7265928effa59a49da44ceaa50b736614593b23af9eafc212
io/github/zorka42/verifactu-aeat-iossimulatorarm64/0.1.0-rc.1/verifactu-aeat-iossimulatorarm64-0.1.0-rc.1-javadoc.jar	6451325028043d83f645662735cf40a7c5e9850b7ef4937b1576b94c2de4c778
io/github/zorka42/verifactu-aeat-iossimulatorarm64/0.1.0-rc.1/verifactu-aeat-iossimulatorarm64-0.1.0-rc.1-metadata.jar	cccb137aaac00995315e15e36636c5e435b49ce4f55f19b1de1616bf1875af81
io/github/zorka42/verifactu-aeat-iossimulatorarm64/0.1.0-rc.1/verifactu-aeat-iossimulatorarm64-0.1.0-rc.1-sources.jar	58b059c0a09795ac05bb50c93e0e6f27329a59b2ed084c7c2f5280dc1a262ec3
io/github/zorka42/verifactu-aeat-iossimulatorarm64/0.1.0-rc.1/verifactu-aeat-iossimulatorarm64-0.1.0-rc.1.klib	b0aa219bad96644e9992ef3514f8d35760760058804b4eafeb40a93692beb893
io/github/zorka42/verifactu-aeat-iossimulatorarm64/0.1.0-rc.1/verifactu-aeat-iossimulatorarm64-0.1.0-rc.1.module	76aebf5c382a7b41cad5cb95707af855868b7e21b2526d791801a78a9c293611
io/github/zorka42/verifactu-aeat-iossimulatorarm64/0.1.0-rc.1/verifactu-aeat-iossimulatorarm64-0.1.0-rc.1.pom	094595df064ec5970e896eaa4195f70a9519f39857481ff147554b7e68b1d45b
io/github/zorka42/verifactu-aeat-iosx64/0.1.0-rc.1/verifactu-aeat-iosx64-0.1.0-rc.1-javadoc.jar	6451325028043d83f645662735cf40a7c5e9850b7ef4937b1576b94c2de4c778
io/github/zorka42/verifactu-aeat-iosx64/0.1.0-rc.1/verifactu-aeat-iosx64-0.1.0-rc.1-metadata.jar	cccb137aaac00995315e15e36636c5e435b49ce4f55f19b1de1616bf1875af81
io/github/zorka42/verifactu-aeat-iosx64/0.1.0-rc.1/verifactu-aeat-iosx64-0.1.0-rc.1-sources.jar	58b059c0a09795ac05bb50c93e0e6f27329a59b2ed084c7c2f5280dc1a262ec3
io/github/zorka42/verifactu-aeat-iosx64/0.1.0-rc.1/verifactu-aeat-iosx64-0.1.0-rc.1.klib	f40c687599e5bfe4dbe12c3cc15c2d3e706b6873830f0ca080b926b30847eb72
io/github/zorka42/verifactu-aeat-iosx64/0.1.0-rc.1/verifactu-aeat-iosx64-0.1.0-rc.1.module	19cc05b40703ab6e0937748e9a9f0846ce7a6976857470725f8804f264807842
io/github/zorka42/verifactu-aeat-iosx64/0.1.0-rc.1/verifactu-aeat-iosx64-0.1.0-rc.1.pom	6625e0f332a4e336e94a000980391095509a2d618e18f5ab862fd34bb113893d
io/github/zorka42/verifactu-aeat-jvm/0.1.0-rc.1/verifactu-aeat-jvm-0.1.0-rc.1-javadoc.jar	6451325028043d83f645662735cf40a7c5e9850b7ef4937b1576b94c2de4c778
io/github/zorka42/verifactu-aeat-jvm/0.1.0-rc.1/verifactu-aeat-jvm-0.1.0-rc.1-sources.jar	00f2d87a785da5473589037cbf25ebb268fdb846d297862fa581a18d4510a26c
io/github/zorka42/verifactu-aeat-jvm/0.1.0-rc.1/verifactu-aeat-jvm-0.1.0-rc.1.jar	88abec9f37979b7d2736899c2a2ad0151e98feba0ab9b8b03d9c6959ebc78ad4
io/github/zorka42/verifactu-aeat-jvm/0.1.0-rc.1/verifactu-aeat-jvm-0.1.0-rc.1.module	cc36125d8bc7c793c2162b29e8c9c9e6957a834ec398f7904e0b6e00c8629a56
io/github/zorka42/verifactu-aeat-jvm/0.1.0-rc.1/verifactu-aeat-jvm-0.1.0-rc.1.pom	7c52e954dad723fea3f06fcd2df0ab2caabf46035441e536a960d2b87c287a95
io/github/zorka42/verifactu-aeat-macosarm64/0.1.0-rc.1/verifactu-aeat-macosarm64-0.1.0-rc.1-javadoc.jar	6451325028043d83f645662735cf40a7c5e9850b7ef4937b1576b94c2de4c778
io/github/zorka42/verifactu-aeat-macosarm64/0.1.0-rc.1/verifactu-aeat-macosarm64-0.1.0-rc.1-metadata.jar	cccb137aaac00995315e15e36636c5e435b49ce4f55f19b1de1616bf1875af81
io/github/zorka42/verifactu-aeat-macosarm64/0.1.0-rc.1/verifactu-aeat-macosarm64-0.1.0-rc.1-sources.jar	58b059c0a09795ac05bb50c93e0e6f27329a59b2ed084c7c2f5280dc1a262ec3
io/github/zorka42/verifactu-aeat-macosarm64/0.1.0-rc.1/verifactu-aeat-macosarm64-0.1.0-rc.1.klib	23605669315c4fa4cc7557b20bcfe34ed20e89e83fe52c9b19d8125df7e2064c
io/github/zorka42/verifactu-aeat-macosarm64/0.1.0-rc.1/verifactu-aeat-macosarm64-0.1.0-rc.1.module	4074a7f516d0eac6ee675d6c6159a7ee0396afe8110668abdb00e7e1f0263684
io/github/zorka42/verifactu-aeat-macosarm64/0.1.0-rc.1/verifactu-aeat-macosarm64-0.1.0-rc.1.pom	c75d21222ea87175d34f1602644b95da356b9b2601924017c48050d831a98ffe
io/github/zorka42/verifactu-aeat-macosx64/0.1.0-rc.1/verifactu-aeat-macosx64-0.1.0-rc.1-javadoc.jar	6451325028043d83f645662735cf40a7c5e9850b7ef4937b1576b94c2de4c778
io/github/zorka42/verifactu-aeat-macosx64/0.1.0-rc.1/verifactu-aeat-macosx64-0.1.0-rc.1-metadata.jar	cccb137aaac00995315e15e36636c5e435b49ce4f55f19b1de1616bf1875af81
io/github/zorka42/verifactu-aeat-macosx64/0.1.0-rc.1/verifactu-aeat-macosx64-0.1.0-rc.1-sources.jar	58b059c0a09795ac05bb50c93e0e6f27329a59b2ed084c7c2f5280dc1a262ec3
io/github/zorka42/verifactu-aeat-macosx64/0.1.0-rc.1/verifactu-aeat-macosx64-0.1.0-rc.1.klib	c9650980f29231611b531b796a9cf6686db97261bf20392de05c0d4c12ed58ba
io/github/zorka42/verifactu-aeat-macosx64/0.1.0-rc.1/verifactu-aeat-macosx64-0.1.0-rc.1.module	3d87495104dfa018dea9f1971b03e48255ae3fbb4d77e71b3ec031f60e54af71
io/github/zorka42/verifactu-aeat-macosx64/0.1.0-rc.1/verifactu-aeat-macosx64-0.1.0-rc.1.pom	81cee1df72966bc31ab5e4b21da73a47b4e79f83e53691d7d096a2fc7a98c19a
io/github/zorka42/verifactu-core/0.1.0-rc.1/verifactu-core-0.1.0-rc.1-javadoc.jar	66df4da241d026086abe93c59a3052a8d269646d99ff4990f81ac880e5403a5f
io/github/zorka42/verifactu-core/0.1.0-rc.1/verifactu-core-0.1.0-rc.1-sources.jar	822a8a72ba5a7e659ba6fd02084520c736df2849628a3e85ff2b937a637eca53
io/github/zorka42/verifactu-core/0.1.0-rc.1/verifactu-core-0.1.0-rc.1.jar	07ad84936c1d4add9801ff5adce8fd46d9e45afbee2f91910ec0366880976ec5
io/github/zorka42/verifactu-core/0.1.0-rc.1/verifactu-core-0.1.0-rc.1.module	666899b37da71453afd1e1c7576dca5601fe6fc683d8817077debbade041d2e0
io/github/zorka42/verifactu-core/0.1.0-rc.1/verifactu-core-0.1.0-rc.1.pom	cdd89d30a6fb505aa16a6cdc376c314e263e32350250399ec99d96de729d4831
io/github/zorka42/verifactu-core-android/0.1.0-rc.1/verifactu-core-android-0.1.0-rc.1-javadoc.jar	66df4da241d026086abe93c59a3052a8d269646d99ff4990f81ac880e5403a5f
io/github/zorka42/verifactu-core-android/0.1.0-rc.1/verifactu-core-android-0.1.0-rc.1-sources.jar	822a8a72ba5a7e659ba6fd02084520c736df2849628a3e85ff2b937a637eca53
io/github/zorka42/verifactu-core-android/0.1.0-rc.1/verifactu-core-android-0.1.0-rc.1.aar	f2d4c1d45fe308904ec7067071fd87b19bd15ab5409acf0444ae31a7eae1f8cd
io/github/zorka42/verifactu-core-android/0.1.0-rc.1/verifactu-core-android-0.1.0-rc.1.module	9537a87e2fede81015498331bcd9ac5a397baaad7b6d46ad196eee18453a9fe2
io/github/zorka42/verifactu-core-android/0.1.0-rc.1/verifactu-core-android-0.1.0-rc.1.pom	87f07a3a427d6da9233a11a8302ae42035182606ba33dff1976fc4ee4f215156
io/github/zorka42/verifactu-core-iosarm64/0.1.0-rc.1/verifactu-core-iosarm64-0.1.0-rc.1-javadoc.jar	66df4da241d026086abe93c59a3052a8d269646d99ff4990f81ac880e5403a5f
io/github/zorka42/verifactu-core-iosarm64/0.1.0-rc.1/verifactu-core-iosarm64-0.1.0-rc.1-metadata.jar	1ad40755a6f8fe29445cff4c22d24111c796b375f8420dd00bfa2946e8273486
io/github/zorka42/verifactu-core-iosarm64/0.1.0-rc.1/verifactu-core-iosarm64-0.1.0-rc.1-sources.jar	822a8a72ba5a7e659ba6fd02084520c736df2849628a3e85ff2b937a637eca53
io/github/zorka42/verifactu-core-iosarm64/0.1.0-rc.1/verifactu-core-iosarm64-0.1.0-rc.1.klib	3012d90edd7b83cbe93700d33b8aaeb7341e687c7a34415b80be764459225402
io/github/zorka42/verifactu-core-iosarm64/0.1.0-rc.1/verifactu-core-iosarm64-0.1.0-rc.1.module	e40232bc79745db5213dfc070d5d22fd9fe94027291bf7807d033ff4cdeb8f41
io/github/zorka42/verifactu-core-iosarm64/0.1.0-rc.1/verifactu-core-iosarm64-0.1.0-rc.1.pom	cc831b098239bb4e4053d4fc4b1c973020022ee1bfc4eda3dd459f529f2b3873
io/github/zorka42/verifactu-core-iossimulatorarm64/0.1.0-rc.1/verifactu-core-iossimulatorarm64-0.1.0-rc.1-javadoc.jar	66df4da241d026086abe93c59a3052a8d269646d99ff4990f81ac880e5403a5f
io/github/zorka42/verifactu-core-iossimulatorarm64/0.1.0-rc.1/verifactu-core-iossimulatorarm64-0.1.0-rc.1-metadata.jar	1ad40755a6f8fe29445cff4c22d24111c796b375f8420dd00bfa2946e8273486
io/github/zorka42/verifactu-core-iossimulatorarm64/0.1.0-rc.1/verifactu-core-iossimulatorarm64-0.1.0-rc.1-sources.jar	822a8a72ba5a7e659ba6fd02084520c736df2849628a3e85ff2b937a637eca53
io/github/zorka42/verifactu-core-iossimulatorarm64/0.1.0-rc.1/verifactu-core-iossimulatorarm64-0.1.0-rc.1.klib	f36794fdcd7fb8414eae1918d9fdc6624a89ef3643b8f4d5df32d9842f9c3c85
io/github/zorka42/verifactu-core-iossimulatorarm64/0.1.0-rc.1/verifactu-core-iossimulatorarm64-0.1.0-rc.1.module	19c9313516ffa11ea26dc82b6abc605431ca11968a3e0ebc86d76d6844861978
io/github/zorka42/verifactu-core-iossimulatorarm64/0.1.0-rc.1/verifactu-core-iossimulatorarm64-0.1.0-rc.1.pom	c1ed3390389d82d5e677c19816d1a351d032105bfa272ca87679b74e320d0348
io/github/zorka42/verifactu-core-iosx64/0.1.0-rc.1/verifactu-core-iosx64-0.1.0-rc.1-javadoc.jar	66df4da241d026086abe93c59a3052a8d269646d99ff4990f81ac880e5403a5f
io/github/zorka42/verifactu-core-iosx64/0.1.0-rc.1/verifactu-core-iosx64-0.1.0-rc.1-metadata.jar	1ad40755a6f8fe29445cff4c22d24111c796b375f8420dd00bfa2946e8273486
io/github/zorka42/verifactu-core-iosx64/0.1.0-rc.1/verifactu-core-iosx64-0.1.0-rc.1-sources.jar	822a8a72ba5a7e659ba6fd02084520c736df2849628a3e85ff2b937a637eca53
io/github/zorka42/verifactu-core-iosx64/0.1.0-rc.1/verifactu-core-iosx64-0.1.0-rc.1.klib	bb3a461272017c9b474c766ec0e13fa11fc2cfe56e235adbf4d1b395ac049799
io/github/zorka42/verifactu-core-iosx64/0.1.0-rc.1/verifactu-core-iosx64-0.1.0-rc.1.module	8f3cc6fe696d00298c1e4f3cc2219d44ee572081c1d6b0459e693b055e1b6e5a
io/github/zorka42/verifactu-core-iosx64/0.1.0-rc.1/verifactu-core-iosx64-0.1.0-rc.1.pom	b61a428fed5469ec29184103046aa6fbb32314417ecad233721cc2cb4cfcad74
io/github/zorka42/verifactu-core-jvm/0.1.0-rc.1/verifactu-core-jvm-0.1.0-rc.1-javadoc.jar	66df4da241d026086abe93c59a3052a8d269646d99ff4990f81ac880e5403a5f
io/github/zorka42/verifactu-core-jvm/0.1.0-rc.1/verifactu-core-jvm-0.1.0-rc.1-sources.jar	822a8a72ba5a7e659ba6fd02084520c736df2849628a3e85ff2b937a637eca53
io/github/zorka42/verifactu-core-jvm/0.1.0-rc.1/verifactu-core-jvm-0.1.0-rc.1.jar	925617de8bba98967c17a1753eb6f9398c696055985f36689355208620e5b52b
io/github/zorka42/verifactu-core-jvm/0.1.0-rc.1/verifactu-core-jvm-0.1.0-rc.1.module	d9576a185c9bb53ef101444dbefaf1a3769f00bcc8e9ba8ce3b62e0140315e28
io/github/zorka42/verifactu-core-jvm/0.1.0-rc.1/verifactu-core-jvm-0.1.0-rc.1.pom	8a099ac2c2bf399f646f9d58bb8fe9db954d60c125df84e5452abdb8f4eae82c
io/github/zorka42/verifactu-core-macosarm64/0.1.0-rc.1/verifactu-core-macosarm64-0.1.0-rc.1-javadoc.jar	66df4da241d026086abe93c59a3052a8d269646d99ff4990f81ac880e5403a5f
io/github/zorka42/verifactu-core-macosarm64/0.1.0-rc.1/verifactu-core-macosarm64-0.1.0-rc.1-metadata.jar	1ad40755a6f8fe29445cff4c22d24111c796b375f8420dd00bfa2946e8273486
io/github/zorka42/verifactu-core-macosarm64/0.1.0-rc.1/verifactu-core-macosarm64-0.1.0-rc.1-sources.jar	822a8a72ba5a7e659ba6fd02084520c736df2849628a3e85ff2b937a637eca53
io/github/zorka42/verifactu-core-macosarm64/0.1.0-rc.1/verifactu-core-macosarm64-0.1.0-rc.1.klib	7a2adf0305406270109aa5b67433fc45f1ed8d27504437d1bee37393691f15e3
io/github/zorka42/verifactu-core-macosarm64/0.1.0-rc.1/verifactu-core-macosarm64-0.1.0-rc.1.module	8bc7dfc1a61f29e0c8685414a05981d91aad7f2d2d0267dc7a82d0c88a346a1e
io/github/zorka42/verifactu-core-macosarm64/0.1.0-rc.1/verifactu-core-macosarm64-0.1.0-rc.1.pom	40c8890e4b47b760d2cef22f90cc273097f89a3daaa8d066a9ed246b5434ec66
io/github/zorka42/verifactu-core-macosx64/0.1.0-rc.1/verifactu-core-macosx64-0.1.0-rc.1-javadoc.jar	66df4da241d026086abe93c59a3052a8d269646d99ff4990f81ac880e5403a5f
io/github/zorka42/verifactu-core-macosx64/0.1.0-rc.1/verifactu-core-macosx64-0.1.0-rc.1-metadata.jar	1ad40755a6f8fe29445cff4c22d24111c796b375f8420dd00bfa2946e8273486
io/github/zorka42/verifactu-core-macosx64/0.1.0-rc.1/verifactu-core-macosx64-0.1.0-rc.1-sources.jar	822a8a72ba5a7e659ba6fd02084520c736df2849628a3e85ff2b937a637eca53
io/github/zorka42/verifactu-core-macosx64/0.1.0-rc.1/verifactu-core-macosx64-0.1.0-rc.1.klib	c4682d55b15f811952cc94fceb1c8bcd0a79e98f15d404390e46cc800de53dfd
io/github/zorka42/verifactu-core-macosx64/0.1.0-rc.1/verifactu-core-macosx64-0.1.0-rc.1.module	b03dbb50f164342ce0aae0103c2c9d3f04a480eee7fb66062db98fa310d8c13f
io/github/zorka42/verifactu-core-macosx64/0.1.0-rc.1/verifactu-core-macosx64-0.1.0-rc.1.pom	ed92376f3949c788ac02d4217f1b24199aa95a892ae2e04347efd3d1516e9ad5
io/github/zorka42/verifactu-qr/0.1.0-rc.1/verifactu-qr-0.1.0-rc.1-javadoc.jar	a321959665f5c0851b19910b3f75b3b27be57296b520aace73af6069b763dda4
io/github/zorka42/verifactu-qr/0.1.0-rc.1/verifactu-qr-0.1.0-rc.1-sources.jar	24eda1f9cf51c5238c95a918227a5ba911aff5d6bc3103149b839d950fdab89c
io/github/zorka42/verifactu-qr/0.1.0-rc.1/verifactu-qr-0.1.0-rc.1.jar	1cdb95d459fdb04dba8caa11783795c2a41931f59789322bd317129e1b2493f8
io/github/zorka42/verifactu-qr/0.1.0-rc.1/verifactu-qr-0.1.0-rc.1.module	14507c1b9fbf8c344b7d993be9a7156fc0165cf4ad6bef6fbc0f45f98ae8977f
io/github/zorka42/verifactu-qr/0.1.0-rc.1/verifactu-qr-0.1.0-rc.1.pom	97bf91514a1b70f3f3b0316b0b74610ae5dc0318f6dc1e5880e9bd6a0f58115c
io/github/zorka42/verifactu-qr-android/0.1.0-rc.1/verifactu-qr-android-0.1.0-rc.1-javadoc.jar	a321959665f5c0851b19910b3f75b3b27be57296b520aace73af6069b763dda4
io/github/zorka42/verifactu-qr-android/0.1.0-rc.1/verifactu-qr-android-0.1.0-rc.1-sources.jar	24eda1f9cf51c5238c95a918227a5ba911aff5d6bc3103149b839d950fdab89c
io/github/zorka42/verifactu-qr-android/0.1.0-rc.1/verifactu-qr-android-0.1.0-rc.1.aar	a679a803b86199df786f51a57472d6290cd0198894e1fc2fa9bc98ef879250d8
io/github/zorka42/verifactu-qr-android/0.1.0-rc.1/verifactu-qr-android-0.1.0-rc.1.module	91ec46919bf12451cbf800a53d74b3fff33b0f2b9255775898c335809d90ee77
io/github/zorka42/verifactu-qr-android/0.1.0-rc.1/verifactu-qr-android-0.1.0-rc.1.pom	6219265efee318d0585003a8ca821ae4fa78bfac7d621abd7a0b648f323683ea
io/github/zorka42/verifactu-qr-iosarm64/0.1.0-rc.1/verifactu-qr-iosarm64-0.1.0-rc.1-javadoc.jar	a321959665f5c0851b19910b3f75b3b27be57296b520aace73af6069b763dda4
io/github/zorka42/verifactu-qr-iosarm64/0.1.0-rc.1/verifactu-qr-iosarm64-0.1.0-rc.1-metadata.jar	1ad40755a6f8fe29445cff4c22d24111c796b375f8420dd00bfa2946e8273486
io/github/zorka42/verifactu-qr-iosarm64/0.1.0-rc.1/verifactu-qr-iosarm64-0.1.0-rc.1-sources.jar	24eda1f9cf51c5238c95a918227a5ba911aff5d6bc3103149b839d950fdab89c
io/github/zorka42/verifactu-qr-iosarm64/0.1.0-rc.1/verifactu-qr-iosarm64-0.1.0-rc.1.klib	f9c88196bc51ee18e49cb202f8da0b2c8cd1b1771bcebc2cd7dc73d0584e1092
io/github/zorka42/verifactu-qr-iosarm64/0.1.0-rc.1/verifactu-qr-iosarm64-0.1.0-rc.1.module	ce2b92ed0eea485d09bfca66646c95e70aef7a20bf4939400a7cf6f5dc201aa9
io/github/zorka42/verifactu-qr-iosarm64/0.1.0-rc.1/verifactu-qr-iosarm64-0.1.0-rc.1.pom	6074b591aa2b994122d777b579c79d9959a3a8dccb8755c27dc115e45a8af8b5
io/github/zorka42/verifactu-qr-iossimulatorarm64/0.1.0-rc.1/verifactu-qr-iossimulatorarm64-0.1.0-rc.1-javadoc.jar	a321959665f5c0851b19910b3f75b3b27be57296b520aace73af6069b763dda4
io/github/zorka42/verifactu-qr-iossimulatorarm64/0.1.0-rc.1/verifactu-qr-iossimulatorarm64-0.1.0-rc.1-metadata.jar	1ad40755a6f8fe29445cff4c22d24111c796b375f8420dd00bfa2946e8273486
io/github/zorka42/verifactu-qr-iossimulatorarm64/0.1.0-rc.1/verifactu-qr-iossimulatorarm64-0.1.0-rc.1-sources.jar	24eda1f9cf51c5238c95a918227a5ba911aff5d6bc3103149b839d950fdab89c
io/github/zorka42/verifactu-qr-iossimulatorarm64/0.1.0-rc.1/verifactu-qr-iossimulatorarm64-0.1.0-rc.1.klib	ca3476e5c39e336e593302aada02cb53730a5a09ed436ea407a02e06992441e7
io/github/zorka42/verifactu-qr-iossimulatorarm64/0.1.0-rc.1/verifactu-qr-iossimulatorarm64-0.1.0-rc.1.module	11b7ea79e8a25957ae3edf65175e62b2d5572353acd7a28812831738c512dd62
io/github/zorka42/verifactu-qr-iossimulatorarm64/0.1.0-rc.1/verifactu-qr-iossimulatorarm64-0.1.0-rc.1.pom	1e173fd304a0e21214e847621b198f7c2012c479ef99682867dfb27d6f077b35
io/github/zorka42/verifactu-qr-iosx64/0.1.0-rc.1/verifactu-qr-iosx64-0.1.0-rc.1-javadoc.jar	a321959665f5c0851b19910b3f75b3b27be57296b520aace73af6069b763dda4
io/github/zorka42/verifactu-qr-iosx64/0.1.0-rc.1/verifactu-qr-iosx64-0.1.0-rc.1-metadata.jar	1ad40755a6f8fe29445cff4c22d24111c796b375f8420dd00bfa2946e8273486
io/github/zorka42/verifactu-qr-iosx64/0.1.0-rc.1/verifactu-qr-iosx64-0.1.0-rc.1-sources.jar	24eda1f9cf51c5238c95a918227a5ba911aff5d6bc3103149b839d950fdab89c
io/github/zorka42/verifactu-qr-iosx64/0.1.0-rc.1/verifactu-qr-iosx64-0.1.0-rc.1.klib	f0ba81ffa08027daba9d526c6607e95174c93e6df53a967ab0a3f70ac1cee7aa
io/github/zorka42/verifactu-qr-iosx64/0.1.0-rc.1/verifactu-qr-iosx64-0.1.0-rc.1.module	80bbc3292400faf8504c685652a517a7212faca731f7114f444e9b4867b5631e
io/github/zorka42/verifactu-qr-iosx64/0.1.0-rc.1/verifactu-qr-iosx64-0.1.0-rc.1.pom	201d513b962e5b360091571b8cbd357d2a691240250ae427099a378257a1bd17
io/github/zorka42/verifactu-qr-jvm/0.1.0-rc.1/verifactu-qr-jvm-0.1.0-rc.1-javadoc.jar	a321959665f5c0851b19910b3f75b3b27be57296b520aace73af6069b763dda4
io/github/zorka42/verifactu-qr-jvm/0.1.0-rc.1/verifactu-qr-jvm-0.1.0-rc.1-sources.jar	24eda1f9cf51c5238c95a918227a5ba911aff5d6bc3103149b839d950fdab89c
io/github/zorka42/verifactu-qr-jvm/0.1.0-rc.1/verifactu-qr-jvm-0.1.0-rc.1.jar	d565394aef1f26e760c3af741e28a6be9d63ac4ef944179a48721aea2d9c8ca1
io/github/zorka42/verifactu-qr-jvm/0.1.0-rc.1/verifactu-qr-jvm-0.1.0-rc.1.module	f24dc58fbdab2744f2b3844906c5afa282eea6de82f314a16d281faa81496ced
io/github/zorka42/verifactu-qr-jvm/0.1.0-rc.1/verifactu-qr-jvm-0.1.0-rc.1.pom	cc145a1df689cccc2b6f8d80ab09d57db19ca624499bf81d6cd41e754219c2da
io/github/zorka42/verifactu-qr-macosarm64/0.1.0-rc.1/verifactu-qr-macosarm64-0.1.0-rc.1-javadoc.jar	a321959665f5c0851b19910b3f75b3b27be57296b520aace73af6069b763dda4
io/github/zorka42/verifactu-qr-macosarm64/0.1.0-rc.1/verifactu-qr-macosarm64-0.1.0-rc.1-metadata.jar	1ad40755a6f8fe29445cff4c22d24111c796b375f8420dd00bfa2946e8273486
io/github/zorka42/verifactu-qr-macosarm64/0.1.0-rc.1/verifactu-qr-macosarm64-0.1.0-rc.1-sources.jar	24eda1f9cf51c5238c95a918227a5ba911aff5d6bc3103149b839d950fdab89c
io/github/zorka42/verifactu-qr-macosarm64/0.1.0-rc.1/verifactu-qr-macosarm64-0.1.0-rc.1.klib	72390f2263a2016dab4d2e0b2270510b802988b0d1817a8291cdbd4266026f8e
io/github/zorka42/verifactu-qr-macosarm64/0.1.0-rc.1/verifactu-qr-macosarm64-0.1.0-rc.1.module	3dc0cd11d5f9fbe21c8987e3d286b9a6a51f1a292ebf60b971f433ce9e8ea5cb
io/github/zorka42/verifactu-qr-macosarm64/0.1.0-rc.1/verifactu-qr-macosarm64-0.1.0-rc.1.pom	d9fdac93972910634ba633ef9bd91c786347cdc28d8b3a0a357bdaf8604b0a8e
io/github/zorka42/verifactu-qr-macosx64/0.1.0-rc.1/verifactu-qr-macosx64-0.1.0-rc.1-javadoc.jar	a321959665f5c0851b19910b3f75b3b27be57296b520aace73af6069b763dda4
io/github/zorka42/verifactu-qr-macosx64/0.1.0-rc.1/verifactu-qr-macosx64-0.1.0-rc.1-metadata.jar	1ad40755a6f8fe29445cff4c22d24111c796b375f8420dd00bfa2946e8273486
io/github/zorka42/verifactu-qr-macosx64/0.1.0-rc.1/verifactu-qr-macosx64-0.1.0-rc.1-sources.jar	24eda1f9cf51c5238c95a918227a5ba911aff5d6bc3103149b839d950fdab89c
io/github/zorka42/verifactu-qr-macosx64/0.1.0-rc.1/verifactu-qr-macosx64-0.1.0-rc.1.klib	104461b4ac07a08c87121b8f280bb0c144dc91f7bfa0cfe919a662358e6bfcd8
io/github/zorka42/verifactu-qr-macosx64/0.1.0-rc.1/verifactu-qr-macosx64-0.1.0-rc.1.module	a2739e8e973e77050033afee94bc9ef9e781117cc7f5f15a3f0afcb70c633f65
io/github/zorka42/verifactu-qr-macosx64/0.1.0-rc.1/verifactu-qr-macosx64-0.1.0-rc.1.pom	55a420a5287eec1c4f1e337bb522b97ba4901775121c196ae2d4b2e52d110a26
io/github/zorka42/verifactu-testkit/0.1.0-rc.1/verifactu-testkit-0.1.0-rc.1-javadoc.jar	db903f07ad5e0f21e9168b5e9cf3bbcc54be9b8eb5c2b8157fd6463400ff1432
io/github/zorka42/verifactu-testkit/0.1.0-rc.1/verifactu-testkit-0.1.0-rc.1-sources.jar	7ae46257893d8b7505a5e4a7ff0232683a274a0c3ae83a626aa30a3de1339ae2
io/github/zorka42/verifactu-testkit/0.1.0-rc.1/verifactu-testkit-0.1.0-rc.1.jar	f0a1c8ee46ed13dc2fe4270ea238266d0ab74ba19ee8d10f0401620c5088fb38
io/github/zorka42/verifactu-testkit/0.1.0-rc.1/verifactu-testkit-0.1.0-rc.1.module	63a320a12f36ed990ebfb6d00db44f370da582fe1add6bf778d83974d337e572
io/github/zorka42/verifactu-testkit/0.1.0-rc.1/verifactu-testkit-0.1.0-rc.1.pom	5124b62023cbafd8da4784dabf679e61aab5f23578f3d8949d4822e51409c7f2
io/github/zorka42/verifactu-testkit-android/0.1.0-rc.1/verifactu-testkit-android-0.1.0-rc.1-javadoc.jar	db903f07ad5e0f21e9168b5e9cf3bbcc54be9b8eb5c2b8157fd6463400ff1432
io/github/zorka42/verifactu-testkit-android/0.1.0-rc.1/verifactu-testkit-android-0.1.0-rc.1-sources.jar	7ae46257893d8b7505a5e4a7ff0232683a274a0c3ae83a626aa30a3de1339ae2
io/github/zorka42/verifactu-testkit-android/0.1.0-rc.1/verifactu-testkit-android-0.1.0-rc.1.aar	ee48719a1af2813f7e421f43b33279ff36aa857c05abd617f67159afc06f3064
io/github/zorka42/verifactu-testkit-android/0.1.0-rc.1/verifactu-testkit-android-0.1.0-rc.1.module	b4186076abd25532109beb947202d122a364ee7763c8737344a74b052d7fed34
io/github/zorka42/verifactu-testkit-android/0.1.0-rc.1/verifactu-testkit-android-0.1.0-rc.1.pom	bd81c7579216173216dba6b27d477cad12a53d7620d8e7c078f4e28663496e8b
io/github/zorka42/verifactu-testkit-iosarm64/0.1.0-rc.1/verifactu-testkit-iosarm64-0.1.0-rc.1-javadoc.jar	db903f07ad5e0f21e9168b5e9cf3bbcc54be9b8eb5c2b8157fd6463400ff1432
io/github/zorka42/verifactu-testkit-iosarm64/0.1.0-rc.1/verifactu-testkit-iosarm64-0.1.0-rc.1-metadata.jar	1ad40755a6f8fe29445cff4c22d24111c796b375f8420dd00bfa2946e8273486
io/github/zorka42/verifactu-testkit-iosarm64/0.1.0-rc.1/verifactu-testkit-iosarm64-0.1.0-rc.1-sources.jar	7ae46257893d8b7505a5e4a7ff0232683a274a0c3ae83a626aa30a3de1339ae2
io/github/zorka42/verifactu-testkit-iosarm64/0.1.0-rc.1/verifactu-testkit-iosarm64-0.1.0-rc.1.klib	4d1fdf131a0a989b4411b31d7f39c2321881182459d8852cb4c1556071b9146f
io/github/zorka42/verifactu-testkit-iosarm64/0.1.0-rc.1/verifactu-testkit-iosarm64-0.1.0-rc.1.module	94b4ba612a498f9e55aec304abdc88fee7944eb3598e87c5e07b5383a3145e18
io/github/zorka42/verifactu-testkit-iosarm64/0.1.0-rc.1/verifactu-testkit-iosarm64-0.1.0-rc.1.pom	717de84d4967099f3f02adb3323ff1a958f8531c4b7af68012bcefdcd3bcf488
io/github/zorka42/verifactu-testkit-iossimulatorarm64/0.1.0-rc.1/verifactu-testkit-iossimulatorarm64-0.1.0-rc.1-javadoc.jar	db903f07ad5e0f21e9168b5e9cf3bbcc54be9b8eb5c2b8157fd6463400ff1432
io/github/zorka42/verifactu-testkit-iossimulatorarm64/0.1.0-rc.1/verifactu-testkit-iossimulatorarm64-0.1.0-rc.1-metadata.jar	1ad40755a6f8fe29445cff4c22d24111c796b375f8420dd00bfa2946e8273486
io/github/zorka42/verifactu-testkit-iossimulatorarm64/0.1.0-rc.1/verifactu-testkit-iossimulatorarm64-0.1.0-rc.1-sources.jar	7ae46257893d8b7505a5e4a7ff0232683a274a0c3ae83a626aa30a3de1339ae2
io/github/zorka42/verifactu-testkit-iossimulatorarm64/0.1.0-rc.1/verifactu-testkit-iossimulatorarm64-0.1.0-rc.1.klib	12cf177dbd7e2c3c85973d98a43a9e8d35a3e337b30727aaa7a927df81e7cb2f
io/github/zorka42/verifactu-testkit-iossimulatorarm64/0.1.0-rc.1/verifactu-testkit-iossimulatorarm64-0.1.0-rc.1.module	c960ad911d802b064ffe0e0c642cb97302cfdf5f89ecd5425aaf70ae849a7cf7
io/github/zorka42/verifactu-testkit-iossimulatorarm64/0.1.0-rc.1/verifactu-testkit-iossimulatorarm64-0.1.0-rc.1.pom	59efd104e50d15b36478a2921b06d462bda562c44a62cbd4ad664b9d48d256bd
io/github/zorka42/verifactu-testkit-iosx64/0.1.0-rc.1/verifactu-testkit-iosx64-0.1.0-rc.1-javadoc.jar	db903f07ad5e0f21e9168b5e9cf3bbcc54be9b8eb5c2b8157fd6463400ff1432
io/github/zorka42/verifactu-testkit-iosx64/0.1.0-rc.1/verifactu-testkit-iosx64-0.1.0-rc.1-metadata.jar	1ad40755a6f8fe29445cff4c22d24111c796b375f8420dd00bfa2946e8273486
io/github/zorka42/verifactu-testkit-iosx64/0.1.0-rc.1/verifactu-testkit-iosx64-0.1.0-rc.1-sources.jar	7ae46257893d8b7505a5e4a7ff0232683a274a0c3ae83a626aa30a3de1339ae2
io/github/zorka42/verifactu-testkit-iosx64/0.1.0-rc.1/verifactu-testkit-iosx64-0.1.0-rc.1.klib	73ee906bd3543b4e3174a0f8621a0d9c31c897a4804ea89c97494358f12714de
io/github/zorka42/verifactu-testkit-iosx64/0.1.0-rc.1/verifactu-testkit-iosx64-0.1.0-rc.1.module	cc19837cb2fb23930d4e982b4bf2ca586ba69b501d0f78cd0f52c33fc0f85ea9
io/github/zorka42/verifactu-testkit-iosx64/0.1.0-rc.1/verifactu-testkit-iosx64-0.1.0-rc.1.pom	277007c71437bd7f8cb3f32d70f757d66416f348d130b0d755b1085023f7777a
io/github/zorka42/verifactu-testkit-jvm/0.1.0-rc.1/verifactu-testkit-jvm-0.1.0-rc.1-javadoc.jar	db903f07ad5e0f21e9168b5e9cf3bbcc54be9b8eb5c2b8157fd6463400ff1432
io/github/zorka42/verifactu-testkit-jvm/0.1.0-rc.1/verifactu-testkit-jvm-0.1.0-rc.1-sources.jar	7ae46257893d8b7505a5e4a7ff0232683a274a0c3ae83a626aa30a3de1339ae2
io/github/zorka42/verifactu-testkit-jvm/0.1.0-rc.1/verifactu-testkit-jvm-0.1.0-rc.1.jar	3bb388ec5c46741cb9b2a1585957ddd18b2ca8f12e7ecba9abe796279d1d65ef
io/github/zorka42/verifactu-testkit-jvm/0.1.0-rc.1/verifactu-testkit-jvm-0.1.0-rc.1.module	2ace6e802778a16738c95e60422af4a047e8194cb3ec10b4bf45e3f991f6ce02
io/github/zorka42/verifactu-testkit-jvm/0.1.0-rc.1/verifactu-testkit-jvm-0.1.0-rc.1.pom	16b647ec51fb3b32c7dcd0c4da44c6224bc565faec65cf2f9de284a9b04e3752
io/github/zorka42/verifactu-testkit-macosarm64/0.1.0-rc.1/verifactu-testkit-macosarm64-0.1.0-rc.1-javadoc.jar	db903f07ad5e0f21e9168b5e9cf3bbcc54be9b8eb5c2b8157fd6463400ff1432
io/github/zorka42/verifactu-testkit-macosarm64/0.1.0-rc.1/verifactu-testkit-macosarm64-0.1.0-rc.1-metadata.jar	1ad40755a6f8fe29445cff4c22d24111c796b375f8420dd00bfa2946e8273486
io/github/zorka42/verifactu-testkit-macosarm64/0.1.0-rc.1/verifactu-testkit-macosarm64-0.1.0-rc.1-sources.jar	7ae46257893d8b7505a5e4a7ff0232683a274a0c3ae83a626aa30a3de1339ae2
io/github/zorka42/verifactu-testkit-macosarm64/0.1.0-rc.1/verifactu-testkit-macosarm64-0.1.0-rc.1.klib	3ea65b1d87eea5ce077dedf5061e536d8836973a2cc023c5954f38a994e36ca4
io/github/zorka42/verifactu-testkit-macosarm64/0.1.0-rc.1/verifactu-testkit-macosarm64-0.1.0-rc.1.module	78c8745343d3fe20af280de3efe85f6596488d8065d78d887b00626f57559233
io/github/zorka42/verifactu-testkit-macosarm64/0.1.0-rc.1/verifactu-testkit-macosarm64-0.1.0-rc.1.pom	a3b76962b80c3c278c4a68f9f7780c659790f21ae0a7473ef4ba6db227772d90
io/github/zorka42/verifactu-testkit-macosx64/0.1.0-rc.1/verifactu-testkit-macosx64-0.1.0-rc.1-javadoc.jar	db903f07ad5e0f21e9168b5e9cf3bbcc54be9b8eb5c2b8157fd6463400ff1432
io/github/zorka42/verifactu-testkit-macosx64/0.1.0-rc.1/verifactu-testkit-macosx64-0.1.0-rc.1-metadata.jar	1ad40755a6f8fe29445cff4c22d24111c796b375f8420dd00bfa2946e8273486
io/github/zorka42/verifactu-testkit-macosx64/0.1.0-rc.1/verifactu-testkit-macosx64-0.1.0-rc.1-sources.jar	7ae46257893d8b7505a5e4a7ff0232683a274a0c3ae83a626aa30a3de1339ae2
io/github/zorka42/verifactu-testkit-macosx64/0.1.0-rc.1/verifactu-testkit-macosx64-0.1.0-rc.1.klib	5d23e3cf9322964c99ccf42f900992c8b172ae4ba1991720bff492c05f20b12b
io/github/zorka42/verifactu-testkit-macosx64/0.1.0-rc.1/verifactu-testkit-macosx64-0.1.0-rc.1.module	aa8f80efb148c375197933346ca70c42c83d36e576f4dfaf11297f9465a61464
io/github/zorka42/verifactu-testkit-macosx64/0.1.0-rc.1/verifactu-testkit-macosx64-0.1.0-rc.1.pom	27e1ba6b1d73d6b3c36c63ff40daa0a63358022ce1cbc8990ae2fb0cde5c1e3c
io/github/zorka42/verifactu-xml/0.1.0-rc.1/verifactu-xml-0.1.0-rc.1-javadoc.jar	8801d319fcabc877974bacb4b9b941dbd07f1908e14ef9012f7a3a875f4f2e39
io/github/zorka42/verifactu-xml/0.1.0-rc.1/verifactu-xml-0.1.0-rc.1-sources.jar	cbe2f0bbcb84c7ed084e3878d1deb5490b26fda289372876c7d16b987e4a7860
io/github/zorka42/verifactu-xml/0.1.0-rc.1/verifactu-xml-0.1.0-rc.1.jar	2794fc2cf62edc3fcae168aa049980a011e201f23a7a708f8e093a49cc1d3019
io/github/zorka42/verifactu-xml/0.1.0-rc.1/verifactu-xml-0.1.0-rc.1.module	47ffe2e6eb56cac5e7f25cf6cd17b41494b07f8ab813aad6fcfcdf6936281247
io/github/zorka42/verifactu-xml/0.1.0-rc.1/verifactu-xml-0.1.0-rc.1.pom	3b1acd4715366aa176db64b566af95a13c983e57a705c2992aedec409448db2f
io/github/zorka42/verifactu-xml-android/0.1.0-rc.1/verifactu-xml-android-0.1.0-rc.1-javadoc.jar	8801d319fcabc877974bacb4b9b941dbd07f1908e14ef9012f7a3a875f4f2e39
io/github/zorka42/verifactu-xml-android/0.1.0-rc.1/verifactu-xml-android-0.1.0-rc.1-sources.jar	cbe2f0bbcb84c7ed084e3878d1deb5490b26fda289372876c7d16b987e4a7860
io/github/zorka42/verifactu-xml-android/0.1.0-rc.1/verifactu-xml-android-0.1.0-rc.1.aar	06843c24d90c1248dfce502bb008f6cb4e459c6f25265096eb2c050f15858387
io/github/zorka42/verifactu-xml-android/0.1.0-rc.1/verifactu-xml-android-0.1.0-rc.1.module	ce9c267847df463f91a81510d98412d3bdd2ee422cd62a36c190328c85b1ee1a
io/github/zorka42/verifactu-xml-android/0.1.0-rc.1/verifactu-xml-android-0.1.0-rc.1.pom	933d41906532a80a50a61cd42ed33e4f47a001bd4b247277496679bd69827419
io/github/zorka42/verifactu-xml-iosarm64/0.1.0-rc.1/verifactu-xml-iosarm64-0.1.0-rc.1-javadoc.jar	8801d319fcabc877974bacb4b9b941dbd07f1908e14ef9012f7a3a875f4f2e39
io/github/zorka42/verifactu-xml-iosarm64/0.1.0-rc.1/verifactu-xml-iosarm64-0.1.0-rc.1-metadata.jar	1ad40755a6f8fe29445cff4c22d24111c796b375f8420dd00bfa2946e8273486
io/github/zorka42/verifactu-xml-iosarm64/0.1.0-rc.1/verifactu-xml-iosarm64-0.1.0-rc.1-sources.jar	cbe2f0bbcb84c7ed084e3878d1deb5490b26fda289372876c7d16b987e4a7860
io/github/zorka42/verifactu-xml-iosarm64/0.1.0-rc.1/verifactu-xml-iosarm64-0.1.0-rc.1.klib	98eda32d33e99409f0630dcb00d3770d794a88f3d0f9ced6fb5ed8eb7768c807
io/github/zorka42/verifactu-xml-iosarm64/0.1.0-rc.1/verifactu-xml-iosarm64-0.1.0-rc.1.module	0aecddb22a26f969d150225bf6861c80b48cef7f70dd1f4efdfd2e73854d2bab
io/github/zorka42/verifactu-xml-iosarm64/0.1.0-rc.1/verifactu-xml-iosarm64-0.1.0-rc.1.pom	57d4fd13b907927eb972958e68437353c9f78e61b17f7bcf489d494a532e602b
io/github/zorka42/verifactu-xml-iossimulatorarm64/0.1.0-rc.1/verifactu-xml-iossimulatorarm64-0.1.0-rc.1-javadoc.jar	8801d319fcabc877974bacb4b9b941dbd07f1908e14ef9012f7a3a875f4f2e39
io/github/zorka42/verifactu-xml-iossimulatorarm64/0.1.0-rc.1/verifactu-xml-iossimulatorarm64-0.1.0-rc.1-metadata.jar	1ad40755a6f8fe29445cff4c22d24111c796b375f8420dd00bfa2946e8273486
io/github/zorka42/verifactu-xml-iossimulatorarm64/0.1.0-rc.1/verifactu-xml-iossimulatorarm64-0.1.0-rc.1-sources.jar	cbe2f0bbcb84c7ed084e3878d1deb5490b26fda289372876c7d16b987e4a7860
io/github/zorka42/verifactu-xml-iossimulatorarm64/0.1.0-rc.1/verifactu-xml-iossimulatorarm64-0.1.0-rc.1.klib	e21bb1560d0852f6e6c033cea8f4f34a2807368125a01b15e884fb62e4321915
io/github/zorka42/verifactu-xml-iossimulatorarm64/0.1.0-rc.1/verifactu-xml-iossimulatorarm64-0.1.0-rc.1.module	e2f4eb373fe92db80f63512c60028ca56f392f631c3cbc76579412ed8044a873
io/github/zorka42/verifactu-xml-iossimulatorarm64/0.1.0-rc.1/verifactu-xml-iossimulatorarm64-0.1.0-rc.1.pom	9288abe325da44122641719ab2f8a9dee90768a8ab541fa046e994f6a93d1881
io/github/zorka42/verifactu-xml-iosx64/0.1.0-rc.1/verifactu-xml-iosx64-0.1.0-rc.1-javadoc.jar	8801d319fcabc877974bacb4b9b941dbd07f1908e14ef9012f7a3a875f4f2e39
io/github/zorka42/verifactu-xml-iosx64/0.1.0-rc.1/verifactu-xml-iosx64-0.1.0-rc.1-metadata.jar	1ad40755a6f8fe29445cff4c22d24111c796b375f8420dd00bfa2946e8273486
io/github/zorka42/verifactu-xml-iosx64/0.1.0-rc.1/verifactu-xml-iosx64-0.1.0-rc.1-sources.jar	cbe2f0bbcb84c7ed084e3878d1deb5490b26fda289372876c7d16b987e4a7860
io/github/zorka42/verifactu-xml-iosx64/0.1.0-rc.1/verifactu-xml-iosx64-0.1.0-rc.1.klib	24a332cf8c412c6fee7d5ac9bffd03aaa09a1b3b4905a6816bf6b7d4e7398920
io/github/zorka42/verifactu-xml-iosx64/0.1.0-rc.1/verifactu-xml-iosx64-0.1.0-rc.1.module	56646e6c24a807be9d209fabd95b7f1ad6f643562deb43a8c268592f0db476bb
io/github/zorka42/verifactu-xml-iosx64/0.1.0-rc.1/verifactu-xml-iosx64-0.1.0-rc.1.pom	15005936e2809a992a37b9506639be1b72215c40b643b68a0d0e3d6507bb1dd4
io/github/zorka42/verifactu-xml-jvm/0.1.0-rc.1/verifactu-xml-jvm-0.1.0-rc.1-javadoc.jar	8801d319fcabc877974bacb4b9b941dbd07f1908e14ef9012f7a3a875f4f2e39
io/github/zorka42/verifactu-xml-jvm/0.1.0-rc.1/verifactu-xml-jvm-0.1.0-rc.1-sources.jar	cbe2f0bbcb84c7ed084e3878d1deb5490b26fda289372876c7d16b987e4a7860
io/github/zorka42/verifactu-xml-jvm/0.1.0-rc.1/verifactu-xml-jvm-0.1.0-rc.1.jar	0f4f5be70035ede6fb86732edce4ac998475e7ad99d459fdee89f12057bff3bf
io/github/zorka42/verifactu-xml-jvm/0.1.0-rc.1/verifactu-xml-jvm-0.1.0-rc.1.module	4eb3112b606b7e35d50a3ddda62f4d2145be3374758ff30cc734389ac6754d23
io/github/zorka42/verifactu-xml-jvm/0.1.0-rc.1/verifactu-xml-jvm-0.1.0-rc.1.pom	49e70720f49808c53921ad093dcc75ba354d8dde54ec4077b0f67bff0bd2845d
io/github/zorka42/verifactu-xml-macosarm64/0.1.0-rc.1/verifactu-xml-macosarm64-0.1.0-rc.1-javadoc.jar	8801d319fcabc877974bacb4b9b941dbd07f1908e14ef9012f7a3a875f4f2e39
io/github/zorka42/verifactu-xml-macosarm64/0.1.0-rc.1/verifactu-xml-macosarm64-0.1.0-rc.1-metadata.jar	1ad40755a6f8fe29445cff4c22d24111c796b375f8420dd00bfa2946e8273486
io/github/zorka42/verifactu-xml-macosarm64/0.1.0-rc.1/verifactu-xml-macosarm64-0.1.0-rc.1-sources.jar	cbe2f0bbcb84c7ed084e3878d1deb5490b26fda289372876c7d16b987e4a7860
io/github/zorka42/verifactu-xml-macosarm64/0.1.0-rc.1/verifactu-xml-macosarm64-0.1.0-rc.1.klib	95de8f0944f158ee43ddded2638fa21a3edb31cc2dfa3ea17eb059fa9e29bf4f
io/github/zorka42/verifactu-xml-macosarm64/0.1.0-rc.1/verifactu-xml-macosarm64-0.1.0-rc.1.module	d0b679794690207ee740a10729042a6d2e03aec3436a128072635b329edb50f5
io/github/zorka42/verifactu-xml-macosarm64/0.1.0-rc.1/verifactu-xml-macosarm64-0.1.0-rc.1.pom	752808c7991934bb03a58956340d5451def5b441eb5e9d162f78ad4712961172
io/github/zorka42/verifactu-xml-macosx64/0.1.0-rc.1/verifactu-xml-macosx64-0.1.0-rc.1-javadoc.jar	8801d319fcabc877974bacb4b9b941dbd07f1908e14ef9012f7a3a875f4f2e39
io/github/zorka42/verifactu-xml-macosx64/0.1.0-rc.1/verifactu-xml-macosx64-0.1.0-rc.1-metadata.jar	1ad40755a6f8fe29445cff4c22d24111c796b375f8420dd00bfa2946e8273486
io/github/zorka42/verifactu-xml-macosx64/0.1.0-rc.1/verifactu-xml-macosx64-0.1.0-rc.1-sources.jar	cbe2f0bbcb84c7ed084e3878d1deb5490b26fda289372876c7d16b987e4a7860
io/github/zorka42/verifactu-xml-macosx64/0.1.0-rc.1/verifactu-xml-macosx64-0.1.0-rc.1.klib	38fc779bab524d58d76fc5a4316b9e1b8a2e082ff7e548ba44d420b57915b543
io/github/zorka42/verifactu-xml-macosx64/0.1.0-rc.1/verifactu-xml-macosx64-0.1.0-rc.1.module	100b7f6e7fb66ee7777f7ff934c6ead7bf01a8e76e4e0d85a91134d2ddc1a8cc
io/github/zorka42/verifactu-xml-macosx64/0.1.0-rc.1/verifactu-xml-macosx64-0.1.0-rc.1.pom	5e9dee46f073821577bdb3786dbbc71cd69ca776900c77fca06fba2c6ee9c799
